[{"date_":"2023-10-18","meal_":"Breakfast","food_name_":"Milk","qty_in_oz_":8.0,"wastage_reason_":"Expired","disposal_mechanism_":"Sink","cost_":2.0},{"date_":"2023-10-19","meal_":"Lunch","food_name_":"Rice","qty_in_oz_":2.0,"wastage_reason_":"Too much left overs","disposal_mechanism_":"Trash","cost_":1.2},{"date_":"2023-10-19","meal_":"Dinner","food_name_":"Bread","qty_in_oz_":3.0,"wastage_reason_":"Expired","disposal_mechanism_":"Trash","cost_":0.5},{"date_":"2023-10-20","meal_":"Breakfast","food_name_":"Oats","qty_in_oz_":5.0,"wastage_reason_":"Tastes bad","disposal_mechanism_":"Compost","cost_":1.3},{"date_":"2023-10-22","meal_":"Dinner","food_name_":"Cake","qty_in_oz_":5.0,"wastage_reason_":"Tastes bad","disposal_mechanism_":"Donation","cost_":4.0},{"date_":"2023-10-21","meal_":"Dinner","food_name_":"Pasta","qty_in_oz_":5.0,"wastage_reason_":"Too much left overs","disposal_mechanism_":"Donation","cost_":4.5}]